age,value
age1,1
age2,1
age3,0.974526303106464
age4,0.958252997006314
age5,0.935783949466449
age6,0.899835734014385
age7,0.7
age8,0.7
age9,0.7
