State,asymptomatic,mild,hospitalisation,death
S,0.4,0.598,0.002,0.005
S,0.4,0.598,0.002,0.005
S,0.4,0.594,0.006,1.16666666666667E-02
S,0.4,0.587,0.013,1.53846153846154E-02
S,0.4,0.583,0.017,3.52941176470588E-02
S,0.4,0.565,0.035,5.71428571428571E-02
S,0.4,0.529,0.071,0.126760563380282
S,0.4,0.487,0.113,0.212389380530973
S,0.4,0.28,0.32,0.315625
